MachineId,FromStatus,ToStatus,Reason,ChangedAt,CurrentMachineStatus,CommissionedAt,DecommissionedAt,LastManitenanceAt
23DCB446-F5F1-8CCA-9E85-019FDCC161FD,0,1,NULL,8/7/2026 15:05,Active,8/7/2026 15:04,NULL,NULL
744F3879-B370-85BA-8E39-019FDCC2082A,0,1,NULL,8/7/2026 15:05,Active,8/7/2026 15:05,NULL,NULL
23DCB446-F5F1-8CCA-9E85-019FDCC161FD,5,1,NULL,8/7/2026 15:19,Active,8/7/2026 15:04,NULL,NULL
744F3879-B370-85BA-8E39-019FDCC2082A,5,1,NULL,8/7/2026 15:20,Active,8/7/2026 15:05,NULL,NULL
744F3879-B370-85BA-8E39-019FDCC2082A,5,1,NULL,8/7/2026 17:02,Active,8/7/2026 15:05,NULL,NULL
8A2CE6A2-F778-821E-90AC-01A06C6BA481,0,1,NULL,9/4/2026 12:36,Active,9/4/2026 12:36,NULL,NULL
BDDD4BC8-7814-8CEF-8B75-01A06C6DBD10,0,1,NULL,9/4/2026 12:38,Active,9/4/2026 12:38,NULL,NULL
52022152-84CA-8986-913E-01A06C701D89,0,1,NULL,9/4/2026 12:42,Active,9/4/2026 12:41,NULL,NULL
9CCBE0DA-AE2F-8826-9F6C-01A06C6E6022,0,1,NULL,9/4/2026 12:42,Active,9/4/2026 12:39,NULL,NULL
9CCBE0DA-AE2F-8826-9F6C-01A06C6E6022,5,1,NULL,9/4/2026 13:10,Active,9/4/2026 12:39,NULL,NULL
52022152-84CA-8986-913E-01A06C701D89,5,1,NULL,9/4/2026 13:13,Active,9/4/2026 12:41,NULL,NULL
52022152-84CA-8986-913E-01A06C701D89,5,1,NULL,9/4/2026 14:05,Active,9/4/2026 12:41,NULL,NULL
9CCBE0DA-AE2F-8826-9F6C-01A06C6E6022,5,1,NULL,9/4/2026 14:06,Active,9/4/2026 12:39,NULL,NULL
52022152-84CA-8986-913E-01A06C701D89,5,1,NULL,9/5/2026 4:51,Active,9/4/2026 12:41,NULL,NULL
9CCBE0DA-AE2F-8826-9F6C-01A06C6E6022,5,1,NULL,9/5/2026 4:52,Active,9/4/2026 12:39,NULL,NULL
BDDD4BC8-7814-8CEF-8B75-01A06C6DBD10,5,1,NULL,9/5/2026 5:55,Active,9/4/2026 12:38,NULL,NULL
52022152-84CA-8986-913E-01A06C701D89,5,1,NULL,9/5/2026 5:55,Active,9/4/2026 12:41,NULL,NULL
9CCBE0DA-AE2F-8826-9F6C-01A06C6E6022,5,1,NULL,9/5/2026 5:55,Active,9/4/2026 12:39,NULL,NULL
9CCBE0DA-AE2F-8826-9F6C-01A06C6E6022,5,1,NULL,9/5/2026 6:05,Active,9/4/2026 12:39,NULL,NULL
52022152-84CA-8986-913E-01A06C701D89,5,1,NULL,9/5/2026 6:05,Active,9/4/2026 12:41,NULL,NULL
9CCBE0DA-AE2F-8826-9F6C-01A06C6E6022,5,1,NULL,9/5/2026 6:06,Active,9/4/2026 12:39,NULL,NULL
9CCBE0DA-AE2F-8826-9F6C-01A06C6E6022,5,1,NULL,9/5/2026 6:07,Active,9/4/2026 12:39,NULL,NULL
52022152-84CA-8986-913E-01A06C701D89,5,1,NULL,9/5/2026 6:20,Active,9/4/2026 12:41,NULL,NULL
9CCBE0DA-AE2F-8826-9F6C-01A06C6E6022,5,1,NULL,9/5/2026 6:20,Active,9/4/2026 12:39,NULL,NULL
52022152-84CA-8986-913E-01A06C701D89,5,1,NULL,9/5/2026 6:24,Active,9/4/2026 12:41,NULL,NULL
9CCBE0DA-AE2F-8826-9F6C-01A06C6E6022,5,1,NULL,9/5/2026 6:25,Active,9/4/2026 12:39,NULL,NULL
52022152-84CA-8986-913E-01A06C701D89,5,1,NULL,9/5/2026 6:25,Active,9/4/2026 12:41,NULL,NULL
BDDD4BC8-7814-8CEF-8B75-01A06C6DBD10,5,1,NULL,9/5/2026 8:23,Active,9/4/2026 12:38,NULL,NULL
52022152-84CA-8986-913E-01A06C701D89,5,1,NULL,9/5/2026 8:24,Active,9/4/2026 12:41,NULL,NULL
9CCBE0DA-AE2F-8826-9F6C-01A06C6E6022,5,1,NULL,9/5/2026 8:24,Active,9/4/2026 12:39,NULL,NULL
52022152-84CA-8986-913E-01A06C701D89,5,1,NULL,9/5/2026 8:47,Active,9/4/2026 12:41,NULL,NULL
9CCBE0DA-AE2F-8826-9F6C-01A06C6E6022,5,1,NULL,9/5/2026 8:47,Active,9/4/2026 12:39,NULL,NULL
8A2CE6A2-F778-821E-90AC-01A06C6BA481,5,1,NULL,9/5/2026 10:41,Active,9/4/2026 12:36,NULL,NULL
BDDD4BC8-7814-8CEF-8B75-01A06C6DBD10,5,1,NULL,9/5/2026 10:41,Active,9/4/2026 12:38,NULL,NULL
52022152-84CA-8986-913E-01A06C701D89,5,1,NULL,9/5/2026 10:47,Active,9/4/2026 12:41,NULL,NULL
9CCBE0DA-AE2F-8826-9F6C-01A06C6E6022,5,1,NULL,9/5/2026 10:47,Active,9/4/2026 12:39,NULL,NULL
9CCBE0DA-AE2F-8826-9F6C-01A06C6E6022,5,1,NULL,9/5/2026 10:48,Active,9/4/2026 12:39,NULL,NULL
9CCBE0DA-AE2F-8826-9F6C-01A06C6E6022,5,1,NULL,9/5/2026 11:15,Active,9/4/2026 12:39,NULL,NULL
52022152-84CA-8986-913E-01A06C701D89,5,1,NULL,9/5/2026 12:33,Active,9/4/2026 12:41,NULL,NULL
52022152-84CA-8986-913E-01A06C701D89,5,1,NULL,9/5/2026 13:11,Active,9/4/2026 12:41,NULL,NULL
9CCBE0DA-AE2F-8826-9F6C-01A06C6E6022,5,1,NULL,9/5/2026 13:12,Active,9/4/2026 12:39,NULL,NULL
52022152-84CA-8986-913E-01A06C701D89,5,1,NULL,9/5/2026 13:13,Active,9/4/2026 12:41,NULL,NULL
9CCBE0DA-AE2F-8826-9F6C-01A06C6E6022,5,1,NULL,9/5/2026 13:13,Active,9/4/2026 12:39,NULL,NULL
52022152-84CA-8986-913E-01A06C701D89,5,1,NULL,9/5/2026 13:17,Active,9/4/2026 12:41,NULL,NULL
BDDD4BC8-7814-8CEF-8B75-01A06C6DBD10,5,1,NULL,9/5/2026 14:18,Active,9/4/2026 12:38,NULL,NULL
BDDD4BC8-7814-8CEF-8B75-01A06C6DBD10,5,1,Marked online from Machine Offline Ops,9/6/2026 11:30,Active,9/4/2026 12:38,NULL,NULL
9CCBE0DA-AE2F-8826-9F6C-01A06C6E6022,5,1,Marked online from Machine Offline Ops,9/7/2026 10:38,Active,9/4/2026 12:39,NULL,NULL
52022152-84CA-8986-913E-01A06C701D89,5,1,Marked online from Machine Offline Ops,9/7/2026 10:38,Active,9/4/2026 12:41,NULL,NULL
52022152-84CA-8986-913E-01A06C701D89,5,1,Marked online from Machine Offline Ops,9/7/2026 12:56,Active,9/4/2026 12:41,NULL,NULL
9CCBE0DA-AE2F-8826-9F6C-01A06C6E6022,5,1,Marked online from Machine Offline Ops,9/7/2026 12:56,Active,9/4/2026 12:39,NULL,NULL
BDDD4BC8-7814-8CEF-8B75-01A06C6DBD10,5,1,Marked online from Machine Offline Ops,9/8/2026 4:32,Active,9/4/2026 12:38,NULL,NULL
9CCBE0DA-AE2F-8826-9F6C-01A06C6E6022,5,1,Marked online from Machine Offline Ops,9/8/2026 4:32,Active,9/4/2026 12:39,NULL,NULL
52022152-84CA-8986-913E-01A06C701D89,5,1,Marked online from Machine Offline Ops,9/8/2026 4:32,Active,9/4/2026 12:41,NULL,NULL
BDDD4BC8-7814-8CEF-8B75-01A06C6DBD10,5,1,Marked online from Machine Offline Ops,9/8/2026 5:32,Active,9/4/2026 12:38,NULL,NULL
8C1CAA8B-D525-82A9-95F7-01A075E902D6,0,1,NULL,9/8/2026 5:47,Active,9/6/2026 8:50,NULL,NULL
7E61E290-888B-8021-8F30-01A075EB2EE0,0,1,NULL,9/8/2026 5:48,Active,9/6/2026 8:52,NULL,NULL
6296CC53-A1DD-86DE-84E1-01A075EBC49F,0,1,NULL,9/8/2026 5:48,Active,9/6/2026 8:53,NULL,NULL
B5429269-181E-8A8C-8887-01A075EA0B7C,0,1,NULL,9/8/2026 5:49,Active,9/6/2026 8:51,NULL,NULL
E7997E11-0962-8547-8DF5-01A075EC8EE6,0,1,NULL,9/8/2026 5:49,Active,9/6/2026 8:53,NULL,NULL
1DD4109C-0003-846D-9E16-01A075E98967,0,1,NULL,9/8/2026 5:49,Active,9/6/2026 8:50,NULL,NULL
52022152-84CA-8986-913E-01A06C701D89,5,1,NULL,9/8/2026 5:50,Active,9/4/2026 12:41,NULL,NULL
6296CC53-A1DD-86DE-84E1-01A075EBC49F,5,1,NULL,9/8/2026 7:50,Active,9/6/2026 8:53,NULL,NULL
B5429269-181E-8A8C-8887-01A075EA0B7C,5,1,NULL,9/8/2026 7:50,Active,9/6/2026 8:51,NULL,NULL
8C1CAA8B-D525-82A9-95F7-01A075E902D6,5,1,NULL,9/8/2026 7:51,Active,9/6/2026 8:50,NULL,NULL
BDDD4BC8-7814-8CEF-8B75-01A06C6DBD10,5,1,NULL,9/8/2026 7:51,Active,9/4/2026 12:38,NULL,NULL
8C1CAA8B-D525-82A9-95F7-01A075E902D6,5,1,NULL,9/8/2026 7:51,Active,9/6/2026 8:50,NULL,NULL
8C1CAA8B-D525-82A9-95F7-01A075E902D6,5,1,Marked online from Machine Offline Ops,9/8/2026 8:05,Active,9/6/2026 8:50,NULL,NULL
BDDD4BC8-7814-8CEF-8B75-01A06C6DBD10,5,1,Marked online from Machine Offline Ops,9/8/2026 8:05,Active,9/4/2026 12:38,NULL,NULL
E7997E11-0962-8547-8DF5-01A075EC8EE6,5,1,Marked online from Machine Offline Ops,9/8/2026 8:05,Active,9/6/2026 8:53,NULL,NULL
7E61E290-888B-8021-8F30-01A075EB2EE0,5,1,Marked online from Machine Offline Ops,9/8/2026 8:05,Active,9/6/2026 8:52,NULL,NULL
6296CC53-A1DD-86DE-84E1-01A075EBC49F,5,1,Marked online from Machine Offline Ops,9/8/2026 8:05,Active,9/6/2026 8:53,NULL,NULL
B5429269-181E-8A8C-8887-01A075EA0B7C,5,1,Marked online from Machine Offline Ops,9/8/2026 8:27,Active,9/6/2026 8:51,NULL,NULL
6296CC53-A1DD-86DE-84E1-01A075EBC49F,5,1,Marked online from Machine Offline Ops,9/8/2026 8:27,Active,9/6/2026 8:53,NULL,NULL
E7997E11-0962-8547-8DF5-01A075EC8EE6,5,1,Marked online from Machine Offline Ops,9/8/2026 8:27,Active,9/6/2026 8:53,NULL,NULL
8C1CAA8B-D525-82A9-95F7-01A075E902D6,5,1,Marked online from Machine Offline Ops,9/8/2026 8:27,Active,9/6/2026 8:50,NULL,NULL
7E61E290-888B-8021-8F30-01A075EB2EE0,5,1,Marked online from Machine Offline Ops,9/8/2026 8:27,Active,9/6/2026 8:52,NULL,NULL
6296CC53-A1DD-86DE-84E1-01A075EBC49F,5,1,Marked online from Machine Offline Ops,9/8/2026 8:39,Active,9/6/2026 8:53,NULL,NULL
E7997E11-0962-8547-8DF5-01A075EC8EE6,5,1,Marked online from Machine Offline Ops,9/8/2026 8:39,Active,9/6/2026 8:53,NULL,NULL
7E61E290-888B-8021-8F30-01A075EB2EE0,5,1,Marked online from Machine Offline Ops,9/8/2026 8:39,Active,9/6/2026 8:52,NULL,NULL
6296CC53-A1DD-86DE-84E1-01A075EBC49F,5,1,Marked online from Machine Offline Ops,9/8/2026 8:46,Active,9/6/2026 8:53,NULL,NULL
E7997E11-0962-8547-8DF5-01A075EC8EE6,5,1,Marked online from Machine Offline Ops,9/8/2026 8:46,Active,9/6/2026 8:53,NULL,NULL
E7997E11-0962-8547-8DF5-01A075EC8EE6,5,1,Marked online from Machine Offline Ops,9/8/2026 8:55,Active,9/6/2026 8:53,NULL,NULL
7E61E290-888B-8021-8F30-01A075EB2EE0,5,1,Marked online from Machine Offline Ops,9/8/2026 9:18,Active,9/6/2026 8:52,NULL,NULL
6296CC53-A1DD-86DE-84E1-01A075EBC49F,5,1,Marked online from Machine Offline Ops,9/8/2026 9:25,Active,9/6/2026 8:53,NULL,NULL
BDDD4BC8-7814-8CEF-8B75-01A06C6DBD10,5,1,Marked online from Machine Offline Ops,9/8/2026 9:25,Active,9/4/2026 12:38,NULL,NULL
8C1CAA8B-D525-82A9-95F7-01A075E902D6,5,1,Marked online from Machine Offline Ops,9/8/2026 9:25,Active,9/6/2026 8:50,NULL,NULL
52022152-84CA-8986-913E-01A06C701D89,5,1,Marked online from Machine Offline Ops,9/14/2026 10:07,Active,9/4/2026 12:41,NULL,NULL
BDDD4BC8-7814-8CEF-8B75-01A06C6DBD10,5,1,Marked online from Machine Offline Ops,9/14/2026 10:07,Active,9/4/2026 12:38,NULL,NULL
8A2CE6A2-F778-821E-90AC-01A06C6BA481,5,1,Marked online from Machine Offline Ops,9/14/2026 10:07,Active,9/4/2026 12:36,NULL,NULL
9CCBE0DA-AE2F-8826-9F6C-01A06C6E6022,5,1,Marked online from Machine Offline Ops,9/14/2026 10:07,Active,9/4/2026 12:39,NULL,NULL
52022152-84CA-8986-913E-01A06C701D89,5,1,Marked online from Machine Offline Ops,9/18/2026 11:09,Active,9/4/2026 12:41,NULL,NULL
9CCBE0DA-AE2F-8826-9F6C-01A06C6E6022,5,1,Marked online from Machine Offline Ops,9/18/2026 11:09,Active,9/4/2026 12:39,NULL,NULL
BDDD4BC8-7814-8CEF-8B75-01A06C6DBD10,5,1,Marked online from Machine Offline Ops,9/18/2026 11:09,Active,9/4/2026 12:38,NULL,NULL
8A2CE6A2-F778-821E-90AC-01A06C6BA481,5,1,Marked online from Machine Offline Ops,9/18/2026 11:09,Active,9/4/2026 12:36,NULL,NULL
8A2CE6A2-F778-821E-90AC-01A06C6BA481,5,1,Marked online from Machine Offline Ops,9/18/2026 11:35,Active,9/4/2026 12:36,NULL,NULL
BDDD4BC8-7814-8CEF-8B75-01A06C6DBD10,5,1,Marked online from Machine Offline Ops,9/18/2026 11:53,Active,9/4/2026 12:38,NULL,NULL
8A2CE6A2-F778-821E-90AC-01A06C6BA481,5,1,Marked online from Machine Offline Ops,9/18/2026 12:00,Active,9/4/2026 12:36,NULL,NULL
