MachineId,Date,SessionCount,StartedSessionCount,CompletedSessionCount,AvgCycleDurationMinutes,FailureCount,OnlineObserved,MaxConsecutiveFailures
23DCB446-F5F1-8CCA-9E85-019FDCC161FD,8/7/2026,1,0,1,NULL,1,1,13
23DCB446-F5F1-8CCA-9E85-019FDCC161FD,8/8/2026,1,1,1,28,0,1,13
23DCB446-F5F1-8CCA-9E85-019FDCC161FD,8/10/2026,1,1,1,34,0,1,13
23DCB446-F5F1-8CCA-9E85-019FDCC161FD,8/11/2026,2,2,2,19,0,1,13
23DCB446-F5F1-8CCA-9E85-019FDCC161FD,8/13/2026,7,5,5,16,3,1,13
23DCB446-F5F1-8CCA-9E85-019FDCC161FD,8/17/2026,4,3,4,35,1,1,13
23DCB446-F5F1-8CCA-9E85-019FDCC161FD,8/18/2026,1,1,1,38,0,1,13
23DCB446-F5F1-8CCA-9E85-019FDCC161FD,8/19/2026,5,5,5,40,0,1,13
23DCB446-F5F1-8CCA-9E85-019FDCC161FD,8/20/2026,1,1,1,38,0,1,13
23DCB446-F5F1-8CCA-9E85-019FDCC161FD,8/21/2026,1,1,1,37,0,1,13
23DCB446-F5F1-8CCA-9E85-019FDCC161FD,8/22/2026,9,9,9,37,0,1,13
23DCB446-F5F1-8CCA-9E85-019FDCC161FD,8/23/2026,8,6,7,36,1,1,13
23DCB446-F5F1-8CCA-9E85-019FDCC161FD,8/24/2026,5,4,5,35,1,1,13
23DCB446-F5F1-8CCA-9E85-019FDCC161FD,8/25/2026,2,2,2,38,0,1,13
23DCB446-F5F1-8CCA-9E85-019FDCC161FD,8/26/2026,2,2,2,35,0,1,13
23DCB446-F5F1-8CCA-9E85-019FDCC161FD,8/27/2026,6,6,6,36,0,1,13
23DCB446-F5F1-8CCA-9E85-019FDCC161FD,8/28/2026,3,3,3,38,0,1,13
23DCB446-F5F1-8CCA-9E85-019FDCC161FD,8/29/2026,7,6,6,37,0,1,13
23DCB446-F5F1-8CCA-9E85-019FDCC161FD,8/30/2026,4,4,4,36,0,1,13
23DCB446-F5F1-8CCA-9E85-019FDCC161FD,8/31/2026,2,2,2,35,0,1,13
23DCB446-F5F1-8CCA-9E85-019FDCC161FD,9/2/2026,2,2,2,38,0,1,13
23DCB446-F5F1-8CCA-9E85-019FDCC161FD,9/4/2026,4,3,3,39,0,1,13
23DCB446-F5F1-8CCA-9E85-019FDCC161FD,9/5/2026,8,8,8,36,0,1,13
23DCB446-F5F1-8CCA-9E85-019FDCC161FD,9/6/2026,5,5,5,37,0,1,13
23DCB446-F5F1-8CCA-9E85-019FDCC161FD,9/7/2026,3,3,3,35,0,1,13
23DCB446-F5F1-8CCA-9E85-019FDCC161FD,9/8/2026,4,4,4,37,0,1,13
23DCB446-F5F1-8CCA-9E85-019FDCC161FD,9/9/2026,3,2,3,36,1,1,13
23DCB446-F5F1-8CCA-9E85-019FDCC161FD,9/10/2026,5,1,1,35,1,1,13
23DCB446-F5F1-8CCA-9E85-019FDCC161FD,9/11/2026,7,7,7,37,0,1,13
23DCB446-F5F1-8CCA-9E85-019FDCC161FD,9/12/2026,7,7,7,33,0,1,13
23DCB446-F5F1-8CCA-9E85-019FDCC161FD,9/13/2026,4,4,4,37,0,1,13
23DCB446-F5F1-8CCA-9E85-019FDCC161FD,9/14/2026,8,8,8,40,0,1,13
23DCB446-F5F1-8CCA-9E85-019FDCC161FD,9/15/2026,2,2,2,37,0,1,13
23DCB446-F5F1-8CCA-9E85-019FDCC161FD,9/16/2026,4,4,4,37,0,1,13
23DCB446-F5F1-8CCA-9E85-019FDCC161FD,9/17/2026,4,4,4,37,0,1,13
23DCB446-F5F1-8CCA-9E85-019FDCC161FD,9/18/2026,4,4,4,36,0,1,13
23DCB446-F5F1-8CCA-9E85-019FDCC161FD,9/19/2026,8,8,8,36,0,1,13
23DCB446-F5F1-8CCA-9E85-019FDCC161FD,9/20/2026,11,11,11,44,0,1,13
23DCB446-F5F1-8CCA-9E85-019FDCC161FD,9/21/2026,4,3,3,39,0,1,13
23DCB446-F5F1-8CCA-9E85-019FDCC161FD,9/22/2026,4,4,4,37,0,1,13
23DCB446-F5F1-8CCA-9E85-019FDCC161FD,9/23/2026,2,2,2,36,0,1,13
744F3879-B370-85BA-8E39-019FDCC2082A,8/10/2026,1,1,1,39,0,1,13
744F3879-B370-85BA-8E39-019FDCC2082A,8/11/2026,1,1,1,59,0,1,13
744F3879-B370-85BA-8E39-019FDCC2082A,8/13/2026,3,2,2,44,1,1,13
744F3879-B370-85BA-8E39-019FDCC2082A,8/17/2026,3,3,3,39,0,1,13
744F3879-B370-85BA-8E39-019FDCC2082A,8/18/2026,1,1,1,60,0,1,13
744F3879-B370-85BA-8E39-019FDCC2082A,8/19/2026,2,2,2,59,0,1,13
744F3879-B370-85BA-8E39-019FDCC2082A,8/21/2026,1,1,1,60,0,1,13
744F3879-B370-85BA-8E39-019FDCC2082A,8/22/2026,6,6,6,59,0,1,13
744F3879-B370-85BA-8E39-019FDCC2082A,8/23/2026,5,5,5,59,0,1,13
744F3879-B370-85BA-8E39-019FDCC2082A,8/24/2026,2,2,2,59,0,1,13
744F3879-B370-85BA-8E39-019FDCC2082A,8/25/2026,2,2,2,59,0,1,13
744F3879-B370-85BA-8E39-019FDCC2082A,8/26/2026,2,2,2,60,0,1,13
744F3879-B370-85BA-8E39-019FDCC2082A,8/27/2026,5,5,5,55,0,1,13
744F3879-B370-85BA-8E39-019FDCC2082A,8/28/2026,3,3,3,59,0,1,13
744F3879-B370-85BA-8E39-019FDCC2082A,8/29/2026,5,5,5,59,0,1,13
744F3879-B370-85BA-8E39-019FDCC2082A,8/30/2026,3,3,3,59,0,1,13
744F3879-B370-85BA-8E39-019FDCC2082A,8/31/2026,1,1,1,59,0,1,13
744F3879-B370-85BA-8E39-019FDCC2082A,9/2/2026,1,1,1,60,0,1,13
744F3879-B370-85BA-8E39-019FDCC2082A,9/4/2026,2,2,2,60,0,1,13
744F3879-B370-85BA-8E39-019FDCC2082A,9/5/2026,7,7,7,59,0,1,13
744F3879-B370-85BA-8E39-019FDCC2082A,9/6/2026,5,4,4,59,1,1,13
744F3879-B370-85BA-8E39-019FDCC2082A,9/7/2026,2,2,2,59,0,1,13
744F3879-B370-85BA-8E39-019FDCC2082A,9/8/2026,4,4,4,59,0,1,13
744F3879-B370-85BA-8E39-019FDCC2082A,9/9/2026,2,2,2,50,0,1,13
744F3879-B370-85BA-8E39-019FDCC2082A,9/10/2026,1,1,1,59,0,1,13
744F3879-B370-85BA-8E39-019FDCC2082A,9/11/2026,5,5,5,59,0,1,13
744F3879-B370-85BA-8E39-019FDCC2082A,9/12/2026,6,6,6,57,0,1,13
744F3879-B370-85BA-8E39-019FDCC2082A,9/13/2026,3,3,3,59,0,1,13
744F3879-B370-85BA-8E39-019FDCC2082A,9/14/2026,9,9,9,59,0,1,13
744F3879-B370-85BA-8E39-019FDCC2082A,9/15/2026,1,1,1,60,0,1,13
744F3879-B370-85BA-8E39-019FDCC2082A,9/16/2026,4,4,4,54,0,1,13
744F3879-B370-85BA-8E39-019FDCC2082A,9/17/2026,4,4,4,60,0,1,13
744F3879-B370-85BA-8E39-019FDCC2082A,9/18/2026,4,4,4,59,0,1,13
744F3879-B370-85BA-8E39-019FDCC2082A,9/19/2026,8,8,8,59,0,1,13
744F3879-B370-85BA-8E39-019FDCC2082A,9/20/2026,8,8,8,59,0,1,13
744F3879-B370-85BA-8E39-019FDCC2082A,9/21/2026,2,2,2,50,0,1,13
744F3879-B370-85BA-8E39-019FDCC2082A,9/22/2026,3,3,3,54,0,1,13
744F3879-B370-85BA-8E39-019FDCC2082A,9/23/2026,1,1,1,60,0,1,13
8A2CE6A2-F778-821E-90AC-01A06C6BA481,9/4/2026,1,1,1,31,0,1,0
8A2CE6A2-F778-821E-90AC-01A06C6BA481,9/5/2026,4,4,4,23,0,1,0
8A2CE6A2-F778-821E-90AC-01A06C6BA481,9/7/2026,2,2,2,32,0,1,0
8A2CE6A2-F778-821E-90AC-01A06C6BA481,9/8/2026,6,6,6,31,0,1,0
8A2CE6A2-F778-821E-90AC-01A06C6BA481,9/9/2026,1,1,1,31,0,1,0
8A2CE6A2-F778-821E-90AC-01A06C6BA481,9/10/2026,4,3,3,23,2,1,0
8A2CE6A2-F778-821E-90AC-01A06C6BA481,9/11/2026,1,1,1,41,0,1,0
8A2CE6A2-F778-821E-90AC-01A06C6BA481,9/19/2026,2,2,2,48,0,1,0
8A2CE6A2-F778-821E-90AC-01A06C6BA481,9/21/2026,1,1,1,33,0,1,0
8A2CE6A2-F778-821E-90AC-01A06C6BA481,9/22/2026,1,1,1,38,0,1,0
8A2CE6A2-F778-821E-90AC-01A06C6BA481,9/23/2026,1,1,1,35,0,1,0
BDDD4BC8-7814-8CEF-8B75-01A06C6DBD10,9/4/2026,2,2,2,45,0,1,0
BDDD4BC8-7814-8CEF-8B75-01A06C6DBD10,9/5/2026,6,3,6,59,3,1,0
BDDD4BC8-7814-8CEF-8B75-01A06C6DBD10,9/6/2026,1,1,1,60,0,1,0
BDDD4BC8-7814-8CEF-8B75-01A06C6DBD10,9/7/2026,2,2,2,39,0,1,0
BDDD4BC8-7814-8CEF-8B75-01A06C6DBD10,9/8/2026,4,4,4,35,0,1,0
BDDD4BC8-7814-8CEF-8B75-01A06C6DBD10,9/9/2026,2,2,2,61,0,1,0
BDDD4BC8-7814-8CEF-8B75-01A06C6DBD10,9/11/2026,1,1,1,60,0,1,0
BDDD4BC8-7814-8CEF-8B75-01A06C6DBD10,9/19/2026,2,2,2,60,0,1,0
BDDD4BC8-7814-8CEF-8B75-01A06C6DBD10,9/21/2026,2,2,2,65,0,1,0
BDDD4BC8-7814-8CEF-8B75-01A06C6DBD10,9/22/2026,2,2,2,40,0,1,0
9CCBE0DA-AE2F-8826-9F6C-01A06C6E6022,9/5/2026,1,1,1,30,0,1,0
9CCBE0DA-AE2F-8826-9F6C-01A06C6E6022,9/6/2026,1,1,1,38,0,1,0
9CCBE0DA-AE2F-8826-9F6C-01A06C6E6022,9/8/2026,2,1,1,33,1,1,0
9CCBE0DA-AE2F-8826-9F6C-01A06C6E6022,9/9/2026,3,3,3,32,0,1,0
9CCBE0DA-AE2F-8826-9F6C-01A06C6E6022,9/10/2026,1,0,0,NULL,0,1,0
9CCBE0DA-AE2F-8826-9F6C-01A06C6E6022,9/14/2026,1,0,0,NULL,1,1,0
9CCBE0DA-AE2F-8826-9F6C-01A06C6E6022,9/19/2026,2,2,2,33,0,1,0
9CCBE0DA-AE2F-8826-9F6C-01A06C6E6022,9/21/2026,3,2,2,32,0,1,0
9CCBE0DA-AE2F-8826-9F6C-01A06C6E6022,9/22/2026,3,3,3,25,0,1,0
52022152-84CA-8986-913E-01A06C701D89,9/4/2026,1,1,1,30,0,1,0
52022152-84CA-8986-913E-01A06C701D89,9/10/2026,3,3,3,40,0,1,0
52022152-84CA-8986-913E-01A06C701D89,9/19/2026,2,2,2,44,0,1,0
52022152-84CA-8986-913E-01A06C701D89,9/21/2026,1,1,1,30,0,1,0
52022152-84CA-8986-913E-01A06C701D89,9/22/2026,1,1,1,97,0,1,0
52022152-84CA-8986-913E-01A06C701D89,9/23/2026,1,1,1,60,0,1,0
8C1CAA8B-D525-82A9-95F7-01A075E902D6,9/8/2026,2,2,2,45,0,1,0
8C1CAA8B-D525-82A9-95F7-01A075E902D6,9/9/2026,2,2,2,39,0,1,0
8C1CAA8B-D525-82A9-95F7-01A075E902D6,9/10/2026,12,4,3,70,2,1,0
8C1CAA8B-D525-82A9-95F7-01A075E902D6,9/11/2026,18,9,9,67,6,1,0
8C1CAA8B-D525-82A9-95F7-01A075E902D6,9/12/2026,9,9,9,34,0,1,0
8C1CAA8B-D525-82A9-95F7-01A075E902D6,9/13/2026,2,2,2,34,0,1,0
8C1CAA8B-D525-82A9-95F7-01A075E902D6,9/14/2026,2,2,2,34,0,1,0
8C1CAA8B-D525-82A9-95F7-01A075E902D6,9/15/2026,4,4,4,36,0,1,0
8C1CAA8B-D525-82A9-95F7-01A075E902D6,9/16/2026,6,6,6,36,0,1,0
8C1CAA8B-D525-82A9-95F7-01A075E902D6,9/17/2026,5,5,5,33,0,1,0
8C1CAA8B-D525-82A9-95F7-01A075E902D6,9/18/2026,6,6,6,37,0,1,0
8C1CAA8B-D525-82A9-95F7-01A075E902D6,9/19/2026,13,10,10,46,0,1,0
8C1CAA8B-D525-82A9-95F7-01A075E902D6,9/20/2026,12,11,11,47,0,1,0
8C1CAA8B-D525-82A9-95F7-01A075E902D6,9/21/2026,7,5,5,35,1,1,0
8C1CAA8B-D525-82A9-95F7-01A075E902D6,9/22/2026,8,8,8,36,0,1,0
8C1CAA8B-D525-82A9-95F7-01A075E902D6,9/23/2026,9,9,9,42,0,1,0
8C1CAA8B-D525-82A9-95F7-01A075E902D6,9/24/2026,1,1,1,41,0,1,0
1DD4109C-0003-846D-9E16-01A075E98967,9/8/2026,1,1,1,40,0,1,0
1DD4109C-0003-846D-9E16-01A075E98967,9/9/2026,1,1,1,55,0,1,0
1DD4109C-0003-846D-9E16-01A075E98967,9/10/2026,4,2,1,50,2,1,0
1DD4109C-0003-846D-9E16-01A075E98967,9/11/2026,8,7,7,46,1,1,0
1DD4109C-0003-846D-9E16-01A075E98967,9/12/2026,10,10,10,48,0,1,0
1DD4109C-0003-846D-9E16-01A075E98967,9/13/2026,2,2,2,50,0,1,0
1DD4109C-0003-846D-9E16-01A075E98967,9/14/2026,2,2,2,49,0,1,0
1DD4109C-0003-846D-9E16-01A075E98967,9/15/2026,4,4,4,47,0,1,0
1DD4109C-0003-846D-9E16-01A075E98967,9/16/2026,6,6,6,43,0,1,0
1DD4109C-0003-846D-9E16-01A075E98967,9/17/2026,4,4,4,45,0,1,0
1DD4109C-0003-846D-9E16-01A075E98967,9/18/2026,5,5,5,47,0,1,0
1DD4109C-0003-846D-9E16-01A075E98967,9/19/2026,9,9,9,46,0,1,0
1DD4109C-0003-846D-9E16-01A075E98967,9/20/2026,10,10,10,50,0,1,0
1DD4109C-0003-846D-9E16-01A075E98967,9/21/2026,7,7,7,47,0,1,0
1DD4109C-0003-846D-9E16-01A075E98967,9/22/2026,9,8,8,47,0,1,0
1DD4109C-0003-846D-9E16-01A075E98967,9/23/2026,9,9,9,48,0,1,0
1DD4109C-0003-846D-9E16-01A075E98967,9/24/2026,1,1,1,50,0,1,0
B5429269-181E-8A8C-8887-01A075EA0B7C,9/8/2026,1,1,1,38,0,1,0
B5429269-181E-8A8C-8887-01A075EA0B7C,9/9/2026,1,1,1,48,0,1,0
B5429269-181E-8A8C-8887-01A075EA0B7C,9/10/2026,19,3,2,90,7,1,0
B5429269-181E-8A8C-8887-01A075EA0B7C,9/11/2026,16,8,8,47,4,1,0
B5429269-181E-8A8C-8887-01A075EA0B7C,9/12/2026,9,9,9,35,0,1,0
B5429269-181E-8A8C-8887-01A075EA0B7C,9/14/2026,2,2,2,34,0,1,0
B5429269-181E-8A8C-8887-01A075EA0B7C,9/15/2026,4,4,4,39,0,1,0
B5429269-181E-8A8C-8887-01A075EA0B7C,9/16/2026,6,6,6,37,0,1,0
B5429269-181E-8A8C-8887-01A075EA0B7C,9/17/2026,5,5,5,41,0,1,0
B5429269-181E-8A8C-8887-01A075EA0B7C,9/18/2026,7,7,7,45,0,1,0
B5429269-181E-8A8C-8887-01A075EA0B7C,9/19/2026,12,11,11,43,1,1,0
B5429269-181E-8A8C-8887-01A075EA0B7C,9/20/2026,14,12,12,51,2,1,0
B5429269-181E-8A8C-8887-01A075EA0B7C,9/21/2026,7,7,7,37,0,1,0
B5429269-181E-8A8C-8887-01A075EA0B7C,9/22/2026,8,6,6,38,1,1,0
B5429269-181E-8A8C-8887-01A075EA0B7C,9/23/2026,8,8,8,41,0,1,0
B5429269-181E-8A8C-8887-01A075EA0B7C,9/24/2026,2,2,2,174,0,1,0
7E61E290-888B-8021-8F30-01A075EB2EE0,9/8/2026,1,0,0,NULL,1,1,0
7E61E290-888B-8021-8F30-01A075EB2EE0,9/9/2026,1,1,1,30,0,1,0
7E61E290-888B-8021-8F30-01A075EB2EE0,9/10/2026,2,0,0,NULL,1,1,0
7E61E290-888B-8021-8F30-01A075EB2EE0,9/11/2026,6,6,6,45,0,1,0
7E61E290-888B-8021-8F30-01A075EB2EE0,9/12/2026,8,8,8,47,0,1,0
7E61E290-888B-8021-8F30-01A075EB2EE0,9/13/2026,1,1,1,39,0,1,0
7E61E290-888B-8021-8F30-01A075EB2EE0,9/14/2026,1,1,1,50,0,1,0
7E61E290-888B-8021-8F30-01A075EB2EE0,9/15/2026,2,2,2,52,0,1,0
7E61E290-888B-8021-8F30-01A075EB2EE0,9/16/2026,5,5,5,50,0,1,0
7E61E290-888B-8021-8F30-01A075EB2EE0,9/17/2026,3,3,3,47,0,1,0
7E61E290-888B-8021-8F30-01A075EB2EE0,9/18/2026,4,4,4,45,0,1,0
7E61E290-888B-8021-8F30-01A075EB2EE0,9/19/2026,8,8,8,43,0,1,0
7E61E290-888B-8021-8F30-01A075EB2EE0,9/20/2026,12,12,12,49,0,1,0
7E61E290-888B-8021-8F30-01A075EB2EE0,9/21/2026,6,6,6,51,0,1,0
7E61E290-888B-8021-8F30-01A075EB2EE0,9/22/2026,6,6,6,43,0,1,0
7E61E290-888B-8021-8F30-01A075EB2EE0,9/23/2026,4,4,4,51,0,1,0
7E61E290-888B-8021-8F30-01A075EB2EE0,9/24/2026,1,1,1,50,0,1,0
6296CC53-A1DD-86DE-84E1-01A075EBC49F,9/9/2026,2,1,1,54,1,1,0
6296CC53-A1DD-86DE-84E1-01A075EBC49F,9/10/2026,8,3,2,106,0,1,0
6296CC53-A1DD-86DE-84E1-01A075EBC49F,9/11/2026,12,8,9,51,2,1,0
6296CC53-A1DD-86DE-84E1-01A075EBC49F,9/12/2026,8,7,7,35,0,1,0
6296CC53-A1DD-86DE-84E1-01A075EBC49F,9/13/2026,1,1,1,34,0,1,0
6296CC53-A1DD-86DE-84E1-01A075EBC49F,9/14/2026,2,2,2,58,0,1,0
6296CC53-A1DD-86DE-84E1-01A075EBC49F,9/15/2026,2,2,2,34,0,1,0
6296CC53-A1DD-86DE-84E1-01A075EBC49F,9/16/2026,5,5,5,36,0,1,0
6296CC53-A1DD-86DE-84E1-01A075EBC49F,9/17/2026,2,2,2,34,0,1,0
6296CC53-A1DD-86DE-84E1-01A075EBC49F,9/18/2026,4,4,4,35,0,1,0
6296CC53-A1DD-86DE-84E1-01A075EBC49F,9/19/2026,8,7,7,52,1,1,0
6296CC53-A1DD-86DE-84E1-01A075EBC49F,9/20/2026,12,12,12,47,0,1,0
6296CC53-A1DD-86DE-84E1-01A075EBC49F,9/21/2026,6,6,6,35,0,1,0
6296CC53-A1DD-86DE-84E1-01A075EBC49F,9/22/2026,9,6,6,41,2,1,0
6296CC53-A1DD-86DE-84E1-01A075EBC49F,9/23/2026,7,5,5,44,1,1,0
6296CC53-A1DD-86DE-84E1-01A075EBC49F,9/24/2026,1,1,1,43,0,1,0
E7997E11-0962-8547-8DF5-01A075EC8EE6,9/8/2026,2,2,2,26,0,1,0
E7997E11-0962-8547-8DF5-01A075EC8EE6,9/9/2026,1,1,1,40,0,1,0
E7997E11-0962-8547-8DF5-01A075EC8EE6,9/10/2026,3,0,0,NULL,1,1,0
E7997E11-0962-8547-8DF5-01A075EC8EE6,9/11/2026,8,7,7,49,1,1,0
E7997E11-0962-8547-8DF5-01A075EC8EE6,9/12/2026,9,9,9,44,0,1,0
E7997E11-0962-8547-8DF5-01A075EC8EE6,9/14/2026,2,2,2,51,0,1,0
E7997E11-0962-8547-8DF5-01A075EC8EE6,9/15/2026,3,3,3,46,0,1,0
E7997E11-0962-8547-8DF5-01A075EC8EE6,9/16/2026,6,6,6,46,0,1,0
E7997E11-0962-8547-8DF5-01A075EC8EE6,9/17/2026,4,4,4,52,0,1,0
E7997E11-0962-8547-8DF5-01A075EC8EE6,9/18/2026,7,7,7,50,0,1,0
E7997E11-0962-8547-8DF5-01A075EC8EE6,9/19/2026,10,10,10,45,0,1,0
E7997E11-0962-8547-8DF5-01A075EC8EE6,9/20/2026,9,9,9,50,0,1,0
E7997E11-0962-8547-8DF5-01A075EC8EE6,9/21/2026,6,6,6,49,0,1,0
E7997E11-0962-8547-8DF5-01A075EC8EE6,9/22/2026,8,8,8,50,0,1,0
E7997E11-0962-8547-8DF5-01A075EC8EE6,9/23/2026,8,8,8,51,0,1,0
E7997E11-0962-8547-8DF5-01A075EC8EE6,9/24/2026,1,1,1,50,0,1,0
