LocationId                          , Date     , BookingCount, WalkInCount, OnlineBookingCount, CancellationCount, MachineTypeCount, CourseCount
EDF3C8F1-C9D0-8E9F-9DD0-019FDCCEA2AB, 8/7/2026 ,            1,           1,                  0,                 1,                1,           0
EDF3C8F1-C9D0-8E9F-9DD0-019FDCCEA2AB, 8/8/2026 ,            5,           1,                  4,                 4,                2,           2
EDF3C8F1-C9D0-8E9F-9DD0-019FDCCEA2AB, 8/10/2026,            3,           1,                  2,                 1,                2,           2
EDF3C8F1-C9D0-8E9F-9DD0-019FDCCEA2AB, 8/11/2026,            4,           0,                  4,                 2,                2,           4
EDF3C8F1-C9D0-8E9F-9DD0-019FDCCEA2AB, 8/13/2026,            9,           6,                  3,                 5,                2,           2
EDF3C8F1-C9D0-8E9F-9DD0-019FDCCEA2AB, 9/4/2026 ,            5,           1,                  4,                 1,                2,           3
EDF3C8F1-C9D0-8E9F-9DD0-019FDCCEA2AB, 9/5/2026 ,           27,           6,                 21,                22,                2,           6
EDF3C8F1-C9D0-8E9F-9DD0-019FDCCEA2AB, 9/6/2026 ,            2,           0,                  2,                 0,                2,           2
EDF3C8F1-C9D0-8E9F-9DD0-019FDCCEA2AB, 9/7/2026 ,            8,           0,                  8,                 4,                2,           4
EDF3C8F1-C9D0-8E9F-9DD0-019FDCCEA2AB, 9/8/2026 ,           26,           9,                 17,                13,                2,           5
EDF3C8F1-C9D0-8E9F-9DD0-019FDCCEA2AB, 9/9/2026 ,            9,           3,                  6,                 3,                2,           4
EDF3C8F1-C9D0-8E9F-9DD0-019FDCCEA2AB, 9/10/2026,           27,           0,                 27,                23,                2,           4
EDF3C8F1-C9D0-8E9F-9DD0-019FDCCEA2AB, 9/11/2026,            6,           1,                  5,                 4,                2,           2
EDF3C8F1-C9D0-8E9F-9DD0-019FDCCEA2AB, 9/14/2026,            2,           2,                  0,                 2,                2,           2
EDF3C8F1-C9D0-8E9F-9DD0-019FDCCEA2AB, 9/19/2026,           17,           2,                 15,                 9,                2,           3
EDF3C8F1-C9D0-8E9F-9DD0-019FDCCEA2AB, 9/21/2026,           18,           4,                 14,                14,                2,           3
B58FC87A-E16F-8D44-81A5-019FFA29AAAB, 8/13/2026,            2,           0,                  2,                 0,                2,           2
B58FC87A-E16F-8D44-81A5-019FFA29AAAB, 8/17/2026,            9,           2,                  7,                 3,                2,           3
B58FC87A-E16F-8D44-81A5-019FFA29AAAB, 8/18/2026,            2,           0,                  2,                 0,                2,           2
B58FC87A-E16F-8D44-81A5-019FFA29AAAB, 8/19/2026,            7,           3,                  4,                 0,                2,           2
B58FC87A-E16F-8D44-81A5-019FFA29AAAB, 8/20/2026,            1,           1,                  0,                 0,                1,           0
B58FC87A-E16F-8D44-81A5-019FFA29AAAB, 8/21/2026,            2,           0,                  2,                 0,                2,           2
B58FC87A-E16F-8D44-81A5-019FFA29AAAB, 8/22/2026,           16,           3,                 13,                 3,                2,           3
B58FC87A-E16F-8D44-81A5-019FFA29AAAB, 8/23/2026,           16,           2,                 14,                 2,                2,           3
B58FC87A-E16F-8D44-81A5-019FFA29AAAB, 8/24/2026,            9,           3,                  6,                 3,                2,           4
B58FC87A-E16F-8D44-81A5-019FFA29AAAB, 8/25/2026,            4,           0,                  4,                 0,                2,           3
B58FC87A-E16F-8D44-81A5-019FFA29AAAB, 8/26/2026,            4,           0,                  4,                 0,                2,           2
B58FC87A-E16F-8D44-81A5-019FFA29AAAB, 8/27/2026,           14,           4,                 10,                 3,                2,           3
B58FC87A-E16F-8D44-81A5-019FFA29AAAB, 8/28/2026,            7,           0,                  7,                 1,                2,           2
B58FC87A-E16F-8D44-81A5-019FFA29AAAB, 8/29/2026,           16,           0,                 16,                 4,                2,           3
B58FC87A-E16F-8D44-81A5-019FFA29AAAB, 8/30/2026,            7,           1,                  6,                 0,                2,           2
B58FC87A-E16F-8D44-81A5-019FFA29AAAB, 8/31/2026,            3,           1,                  2,                 0,                2,           2
B58FC87A-E16F-8D44-81A5-019FFA29AAAB, 9/2/2026 ,            3,           1,                  2,                 0,                2,           2
B58FC87A-E16F-8D44-81A5-019FFA29AAAB, 9/4/2026 ,            7,           0,                  7,                 2,                2,           3
B58FC87A-E16F-8D44-81A5-019FFA29AAAB, 9/5/2026 ,           14,           1,                 13,                 1,                2,           3
B58FC87A-E16F-8D44-81A5-019FFA29AAAB, 9/6/2026 ,           13,           1,                 12,                 2,                2,           3
B58FC87A-E16F-8D44-81A5-019FFA29AAAB, 9/7/2026 ,            8,           2,                  6,                 2,                2,           3
B58FC87A-E16F-8D44-81A5-019FFA29AAAB, 9/8/2026 ,            8,           4,                  4,                 0,                2,           3
B58FC87A-E16F-8D44-81A5-019FFA29AAAB, 9/9/2026 ,            5,           0,                  5,                 1,                2,           2
B58FC87A-E16F-8D44-81A5-019FFA29AAAB, 9/10/2026,            6,           1,                  5,                 4,                2,           3
B58FC87A-E16F-8D44-81A5-019FFA29AAAB, 9/11/2026,           14,           0,                 14,                 4,                2,           3
B58FC87A-E16F-8D44-81A5-019FFA29AAAB, 9/12/2026,           31,           1,                 30,                17,                2,           3
B58FC87A-E16F-8D44-81A5-019FFA29AAAB, 9/13/2026,            7,           0,                  7,                 1,                2,           4
B58FC87A-E16F-8D44-81A5-019FFA29AAAB, 9/14/2026,           21,           1,                 20,                 3,                2,           3
B58FC87A-E16F-8D44-81A5-019FFA29AAAB, 9/15/2026,            3,           0,                  3,                 0,                2,           3
B58FC87A-E16F-8D44-81A5-019FFA29AAAB, 9/16/2026,            8,           2,                  6,                 0,                2,           4
B58FC87A-E16F-8D44-81A5-019FFA29AAAB, 9/17/2026,            8,           2,                  6,                 0,                2,           3
B58FC87A-E16F-8D44-81A5-019FFA29AAAB, 9/18/2026,            8,           0,                  8,                 0,                2,           2
B58FC87A-E16F-8D44-81A5-019FFA29AAAB, 9/19/2026,           20,           0,                 20,                 4,                2,           3
B58FC87A-E16F-8D44-81A5-019FFA29AAAB, 9/20/2026,           23,           0,                 23,                 7,                2,           3
B58FC87A-E16F-8D44-81A5-019FFA29AAAB, 9/21/2026,           12,           0,                 12,                 4,                2,           2
B58FC87A-E16F-8D44-81A5-019FFA29AAAB, 9/22/2026,            8,           2,                  6,                 1,                2,           3
B58FC87A-E16F-8D44-81A5-019FFA29AAAB, 9/23/2026,            4,           2,                  2,                 1,                2,           3
88C22FD7-30FF-85AD-9633-01A07193B8A4, 9/8/2026 ,            5,           5,                  0,                 3,                2,           3
88C22FD7-30FF-85AD-9633-01A07193B8A4, 9/9/2026 ,           16,           9,                  7,                 9,                2,           3
88C22FD7-30FF-85AD-9633-01A07193B8A4, 9/10/2026,           59,          24,                 35,                44,                2,           4
88C22FD7-30FF-85AD-9633-01A07193B8A4, 9/11/2026,          187,          51,                136,               147,                2,           4
88C22FD7-30FF-85AD-9633-01A07193B8A4, 9/12/2026,           91,          12,                 79,                33,                2,           4
88C22FD7-30FF-85AD-9633-01A07193B8A4, 9/13/2026,            6,           2,                  4,                 0,                2,           4
88C22FD7-30FF-85AD-9633-01A07193B8A4, 9/14/2026,           22,           4,                 18,                11,                2,           4
88C22FD7-30FF-85AD-9633-01A07193B8A4, 9/15/2026,           32,           4,                 28,                14,                2,           4
88C22FD7-30FF-85AD-9633-01A07193B8A4, 9/16/2026,           58,           5,                 53,                23,                2,           4
88C22FD7-30FF-85AD-9633-01A07193B8A4, 9/17/2026,           34,           1,                 33,                12,                2,           4
88C22FD7-30FF-85AD-9633-01A07193B8A4, 9/18/2026,           39,           2,                 37,                 9,                2,           4
88C22FD7-30FF-85AD-9633-01A07193B8A4, 9/19/2026,           88,          10,                 78,                36,                2,           5
88C22FD7-30FF-85AD-9633-01A07193B8A4, 9/20/2026,          152,           5,                147,                88,                2,           4
88C22FD7-30FF-85AD-9633-01A07193B8A4, 9/21/2026,           87,          11,                 76,                46,                2,           6
88C22FD7-30FF-85AD-9633-01A07193B8A4, 9/22/2026,           75,          13,                 62,                32,                2,           4
88C22FD7-30FF-85AD-9633-01A07193B8A4, 9/23/2026,           84,           8,                 76,                48,                2,           5
88C22FD7-30FF-85AD-9633-01A07193B8A4, 9/24/2026,           77,           2,                 75,                30,                2,           4
88C22FD7-30FF-85AD-9633-01A07193B8A4, 9/25/2026,           20,           0,                 20,                 4,                2,           4
88C22FD7-30FF-85AD-9633-01A07193B8A4, 9/26/2026,           16,           0,                 16,                 6,                2,           3
88C22FD7-30FF-85AD-9633-01A07193B8A4, 9/27/2026,            4,           0,                  4,                 0,                2,           2
88C22FD7-30FF-85AD-9633-01A07193B8A4, 9/28/2026,            2,           0,                  2,                 0,                2,           2
88C22FD7-30FF-85AD-9633-01A07193B8A4, 9/29/2026,            4,           0,                  4,                 2,                2,           2
88C22FD7-30FF-85AD-9633-01A07193B8A4, 9/30/2026,            2,           0,                  2,                 0,                2,           2
C1AE458E-939B-8E07-9C31-01A0B436EC16, 9/21/2026,            2,           0,                  2,                 0,                2,           2
C1AE458E-939B-8E07-9C31-01A0B436EC16, 9/22/2026,            6,           2,                  4,                 2,                2,           2
128DE906-E8B2-8EB1-81E4-01A0C26B372D, 9/22/2026,            2,           2,                  0,                 0,                2,           2
128DE906-E8B2-8EB1-81E4-01A0C26B372D, 9/23/2026,            2,           2,                  0,                 0,                2,           2
